,np.tanh(std_delta_len),instruction_difficulty,not_gamed_baseline.astype(float)
Llama-3-Instruct-8B-ORPO-beta=0.1,-1.9949060679146449,0.2907030114071393,2.6289458786395308
Llama-3-Instruct-8B-IPO-beta=0.1,-2.2796578593731565,0.2923782108780757,2.1231489215053907
Llama-3-Instruct-8B-DPO-beta=0.1,-2.2654111618862487,0.2671203433777375,2.2320954780815767
Llama-3-Instruct-8B-DPO-beta=0.01,2.3596720118308316,0.1035933181682918,0.8640208735267595
